{
  "status": "ok",
  "validation_ok": true,
  "initial_scroll_value": 1711,
  "reached_top": true,
  "row_coverage_ok": true,
  "row_sequence_length": 120,
  "row_sequence_first": 0,
  "row_sequence_last": 119,
  "row_missing": [],
  "row_order_breaks": 0,
  "captured": "D:\\repos\\taskbar_monitor_app\\.intelag\\reports\\scroll_harness\\captured.png",
  "reference": "D:\\repos\\taskbar_monitor_app\\.intelag\\reports\\scroll_harness\\reference.png",
  "reference_scaled": "D:\\repos\\taskbar_monitor_app\\.intelag\\reports\\scroll_harness\\reference_scaled.png",
  "captured_size": [
    997,
    5001
  ],
  "reference_size": [
    760,
    3840
  ],
  "scaled_reference_size": [
    997,
    5037
  ],
  "height_ratio": 1.30234375,
  "sample_diff": 0.1296670751633987,
  "scaled_height_ratio": 0.9928528886241811,
  "scaled_sample_diff": 0.10940514303113073,
  "frame_count": 14,
  "offsets": [
    156,
    391,
    391,
    391,
    390,
    390,
    391,
    391,
    391,
    391,
    391,
    391,
    2
  ],
  "viewport_rect": [
    122,
    152,
    766,
    418
  ],
  "screen": "Odyssey G95NC (2)",
  "scroll_value_history": [
    0,
    1711,
    1711,
    1651,
    1591,
    1531,
    1471,
    1411,
    1351,
    1291,
    1231,
    1171,
    1111,
    1051,
    991,
    931,
    871,
    811,
    751,
    691,
    631,
    571,
    511,
    451,
    391,
    331,
    271,
    211,
    151,
    91,
    31,
    0,
    60,
    120,
    180,
    240,
    300,
    360,
    420,
    480,
    540,
    600,
    660,
    720,
    780,
    840,
    900,
    960,
    1020,
    1080,
    1140,
    1200,
    1260,
    1320,
    1380,
    1440,
    1500,
    1560,
    1620,
    1680,
    1740,
    1800,
    1860,
    1920,
    1980,
    2040,
    2100,
    2160,
    2220,
    2280,
    2340,
    2400,
    2460,
    2520,
    2580,
    2640,
    2700,
    2760,
    2820,
    2880,
    2940,
    3000,
    3060,
    3120,
    3180,
    3240,
    3300,
    3360,
    3420,
    3422
  ],
  "scroll_value_final": 3422,
  "scroll_value_max": 3422,
  "reached_bottom": true
}