{
  "status": "ok",
  "validation_ok": true,
  "captured": ".intelag\\reports\\scroll_harness\\captured.png",
  "reference": ".intelag\\reports\\scroll_harness\\reference.png",
  "reference_scaled": ".intelag\\reports\\scroll_harness\\reference_scaled.png",
  "captured_size": [
    997,
    4993
  ],
  "reference_size": [
    760,
    3840
  ],
  "scaled_reference_size": [
    997,
    5037
  ],
  "height_ratio": 1.3002604166666667,
  "sample_diff": 0.13990903653127917,
  "scaled_height_ratio": 0.9912646416517769,
  "scaled_sample_diff": 0.11281243821895517,
  "frame_count": 30,
  "offsets": [
    156,
    156,
    156,
    156,
    156,
    156,
    156,
    156,
    156,
    156,
    156,
    156,
    156,
    156,
    156,
    156,
    156,
    156,
    156,
    156,
    156,
    156,
    156,
    156,
    156,
    156,
    156,
    156,
    81
  ],
  "viewport_rect": [
    122,
    152,
    766,
    418
  ],
  "screen": "Odyssey G95NC (2)",
  "scroll_value_history": [
    0,
    60,
    120,
    180,
    240,
    300,
    360,
    420,
    480,
    540,
    600,
    660,
    720,
    780,
    840,
    900,
    960,
    1020,
    1080,
    1140,
    1200,
    1260,
    1320,
    1380,
    1440,
    1500,
    1560,
    1620,
    1680,
    1740,
    1800,
    1860,
    1920,
    1980,
    2040,
    2100,
    2160,
    2220,
    2280,
    2340,
    2400,
    2460,
    2520,
    2580,
    2640,
    2700,
    2760,
    2820,
    2880,
    2940,
    3000,
    3060,
    3120,
    3180,
    3240,
    3300,
    3360,
    3420,
    3422
  ],
  "scroll_value_final": 3422,
  "scroll_value_max": 3422,
  "reached_bottom": true
}